{"train_loss": [1.8400748787046988, 1.2224167829324424, 1.0712812361837942, 0.980075184931735, 0.9155810506786475, 0.8662955075628144, 0.8252374425467559, 0.7909089186020541, 0.7617761614704937, 0.7366401629860391], "val_loss": [1.3741834173683358, 1.2272702205080945, 1.1612640799594527, 1.1264143946791898, 1.1137108256836898, 1.0963502461168946, 1.0971922473747189, 1.0914986784718617, 1.0921989308685816, 1.0934506404299695], "val_acc": [0.6471287128712871, 0.6825082508250825, 0.695973597359736, 0.7046204620462047, 0.7079207920792079, 0.7145874587458746, 0.7126072607260726, 0.7148514851485148, 0.7147194719471948, 0.7132673267326732]}