{"train_loss": [1.7022754806506484, 1.1513562646344744, 1.0096751661491796, 0.9218527165394795, 0.8551133681198716], "val_loss": [1.3054286677296423, 1.2048826157545842, 1.1624443245535137, 1.1668926672775204, 1.171689220336305], "val_acc": [0.6537953795379537, 0.6784158415841585, 0.6973597359735973, 0.6966996699669967, 0.693993399339934], "epoch_time": [610.7634787559509, 621.2706604003906, 617.7987112998962, 623.5239541530609, 623.7701942920685], "total_time": 3098.2772223949432}