{"train_loss": [1.1884014752343737, 0.9079257308933806, 0.7830025136848039, 0.695424226643164, 0.6268263669833856], "val_loss": [1.0745468390088122, 0.9976607115328813, 0.9714701366023857, 0.9758178216068685, 0.9746323298005497], "val_acc": [0.714983498349835, 0.7401980198019802, 0.7460726072607261, 0.7475247524752475, 0.7508250825082509], "epoch_time": [852.875990152359, 854.0220785140991, 851.3264768123627, 848.2008264064789, 847.2392508983612], "total_time": 4254.794347286224}