{"train_loss": [1.8447263195544858, 1.2217392672466327, 1.068496551569001, 0.9771651708627049, 0.91174372301323, 0.861327729270428, 0.8219321680722861, 0.7862912177536558, 0.7571593860030678, 0.7320521368884839, 0.7088206190977419], "val_loss": [1.3805686776377575, 1.2273464453320544, 1.1742372187245793, 1.1385913451178735, 1.1337125586862324, 1.112522254971897, 1.1103816438121956, 1.11392791531667, 1.1062113963255362, 1.1128589701251823, 1.119556225147568], "val_acc": [0.648052805280528, 0.6852805280528053, 0.6958415841584158, 0.7050825082508251, 0.7033003300330033, 0.7086468646864686, 0.710957095709571, 0.7112211221122112, 0.7155115511551156, 0.7154455445544554, 0.7115511551155116], "epoch_time": [617.7255175113678, 625.458099603653, 630.8401741981506, 629.4895260334015, 627.9638936519623, 625.6144671440125, 636.579295873642, 628.2358915805817, 623.7233467102051, 631.0371289253235, 626.99964427948], "total_time": 6906.949105978012}